{"cameraMode":{"drawMode":0,"name":"Shaded","section":"Shading Mode"},"sceneLighting":false,"audioPlay":false,"sceneViewState":{"showFog":true,"showMaterialUpdate":false,"showSkybox":false,"showFlares":true,"showImageEffects":true,"showParticleSystems":true},"in2DMode":false,"pivot":{"x":-21.0291690826416,"y":1.3236839771270753,"z":-5.209386825561523},"rotation":{"x":-0.0662357285618782,"y":0.030534282326698304,"z":-0.0021578632295131685,"w":-0.9975011348724365},"size":2.9170777797698976,"orthographic":false}