{"cameraMode":{"drawMode":0,"name":"Shaded","section":"Shading Mode"},"sceneLighting":true,"audioPlay":false,"sceneViewState":{"showFog":true,"showMaterialUpdate":false,"showSkybox":true,"showFlares":true,"showImageEffects":true,"showParticleSystems":true},"in2DMode":false,"pivot":{"x":-9.410343170166016,"y":-12.28084659576416,"z":-4.284313201904297},"rotation":{"x":-0.37824326753616335,"y":0.14952217042446137,"z":-0.06214619055390358,"w":-0.9116306900978088},"size":48.51607894897461,"orthographic":false}